{
  "name": "array_randomize",
  "title": "Array Randomizer",
  "version": "0.0.1",  
  "type": "flogo:activity",
  "author": "Adrian Muriel",    
  "display": {
    "category": "arrayRandomizer",
    "visible": true,
    "description": "This activity returns the array sent in the input in a random order"
 },
 
  "ref": "array_randomize/activity/array_randomize",
  "inputs": [
    {
      "name": "arrayIn",
      "type": "array",
      "required": true
    }
  ],
  "outputs": [
    {
      "name": "arrayOut",
      "type": "array"
    }
  ]
}
